{
    "models": {
        "denoiser": {
            "name": "ElasticSLatFlowModel",
            "args": {
                "resolution": 64,
                "in_channels": 8,
                "out_channels": 8,
                "model_channels": 1024,
                "cond_channels": 1024,
                "num_blocks": 24,
                "num_heads": 16,
                "mlp_ratio": 4,
                "patch_size": 2,
                "num_io_res_blocks": 2,
                "io_block_channels": [128],
                "pe_mode": "ape",
                "qk_rms_norm": true,
                "use_fp16": true
            }
        }
    },
    "dataset": {
        "name": "ImageConditionedSLat",
        "args": {
            "latent_model": "dinov2_vitl14_reg_slat_enc_swin8_B_64l8_fp16",
            "min_aesthetic_score": 4.5,
            "max_num_voxels": 32768,
            "image_size": 518,
            "normalization": {
                "mean": [
                    -2.1687545776367188,
                    -0.004347046371549368,
                    -0.13352349400520325,
                    -0.08418072760105133,
                    -0.5271206498146057,
                    0.7238689064979553,
                    -1.1414450407028198,
                    1.2039363384246826
                ],
                "std": [
                    2.377650737762451,
                    2.386378288269043,
                    2.124418020248413,
                    2.1748552322387695,
                    2.663944721221924,
                    2.371192216873169,
                    2.6217446327209473,
                    2.684523105621338
                ]
            },
            "pretrained_slat_dec": "microsoft/TRELLIS-image-large/ckpts/slat_dec_gs_swin8_B_64l8gs32_fp16"
        }
    },
    "trainer": {
        "name": "ImageConditionedSparseFlowMatchingCFGTrainer",
        "args": {
            "max_steps": 1000000,
            "batch_size_per_gpu": 8,
            "batch_split": 4,
            "optimizer": {
                "name": "AdamW",
                "args": {
                    "lr": 0.0001,
                    "weight_decay": 0.0
                }
            },
            "ema_rate": [
                0.9999
            ],
            "fp16_mode": "inflat_all",
            "fp16_scale_growth": 0.001,
            "elastic": {
                "name": "LinearMemoryController",
                "args": {
                    "target_ratio": 0.75,
                    "max_mem_ratio_start": 0.5
                }
            },
            "grad_clip": {
                "name": "AdaptiveGradClipper",
                "args": {
                    "max_norm": 1.0,
                    "clip_percentile": 95
                }
            },
            "i_log": 500,
            "i_sample": 10000,
            "i_save": 10000,
            "p_uncond": 0.1,
            "t_schedule": {
                "name": "logitNormal",
                "args": {
                    "mean": 1.0,
                    "std": 1.0
                }
            },
            "sigma_min": 1e-5,
            "image_cond_model": "dinov2_vitl14_reg"
        }
    },
    "eval_dataset": {
        "name": "ImageConditionedSLatWithUVTransforms",
        "args": {
            "latent_model": "dinov2_vitl14_reg_slat_enc_swin8_B_64l8_fp16",
            "min_aesthetic_score": 4.5,
            "max_num_voxels": 32768,
            "image_size": 518,
            "normalization": {
                "mean": [
                    -2.1687545776367188,
                    -0.004347046371549368,
                    -0.13352349400520325,
                    -0.08418072760105133,
                    -0.5271206498146057,
                    0.7238689064979553,
                    -1.1414450407028198,
                    1.2039363384246826
                ],
                "std": [
                    2.377650737762451,
                    2.386378288269043,
                    2.124418020248413,
                    2.1748552322387695,
                    2.663944721221924,
                    2.371192216873169,
                    2.6217446327209473,
                    2.684523105621338
                ]
            },
            "pretrained_slat_dec": "microsoft/TRELLIS-image-large/ckpts/slat_dec_gs_swin8_B_64l8gs32_fp16",
            "crop_size_ratio": 1.2,
            "crop_allow_padding": true,
            "eval_view_sub_sample": 12,
            "eval_view_sub_sample_offset": 6,
            "return_depth_map": true,
            "return_raw_cond": true
        }
    },
    "eval_models": {
        "slat_decoder_gs": "microsoft/TRELLIS-image-large/ckpts/slat_dec_gs_swin8_B_64l8gs32_fp16",
        "slat_decoder_rf": "microsoft/TRELLIS-image-large/ckpts/slat_dec_rf_swin8_B_64l8r16_fp16",
        "slat_decoder_mesh": "microsoft/TRELLIS-image-large/ckpts/slat_dec_mesh_swin8_B_64l8m256c_fp16",
        "ss_decoder": "checkpoint/TRELLIS-image-large/ckpts/ss_dec_conv3d_16l8_fp16",
        "suv_decoder": {
            "name": "SparseStructureDecoder",
            "args": {
                "out_channels": 3,
                "latent_channels": 8,
                "num_res_blocks": 2,
                "num_res_blocks_middle": 2,
                "channels": [512, 128, 32],
                "use_fp16": true
            },
            "path": "outputs/suv_vae_conv3d_16l8_fp16-SAH3D-Mfull-L1-NoOcclusion-fixcrop/ckpts/decoder_step1000000.pt"
        },
        "ssuv_flow_model": {
            "name": "SparseStructureFlowModel",
            "args": {
                "resolution": 16,
                "in_channels": 16,
                "out_channels": 16,
                "model_channels": 1024,
                "cond_channels": 1024,
                "num_blocks": 24,
                "num_heads": 16,
                "mlp_ratio": 4,
                "patch_size": 1,
                "pe_mode": "ape",
                "qk_rms_norm": true,
                "use_fp16": true
            },
            "path": "outputs/suv_flow_img_dit_L_16l8_fp16-NoOcclusion-ChannelCat-fixcrop-SAH3D/ckpts/denoiser_step0400000.pt"
        }
    },
    "evaluator": {
        "name": "ImageConditionedSparseFlowMatchingEvaluator",
        "args": {
            "pretrained_ckpt": {
                "denoiser": "checkpoint/TRELLIS-image-large/ckpts/slat_flow_img_dit_L_64l8p2_fp16.safetensors"
            },
            "render_resolution": 518,
            "batch_size_per_gpu": 8,
            "num_workers": 4,
            "normalization": {
                "mean": [
                    -2.1687545776367188,
                    -0.004347046371549368,
                    -0.13352349400520325,
                    -0.08418072760105133,
                    -0.5271206498146057,
                    0.7238689064979553,
                    -1.1414450407028198,
                    1.2039363384246826
                ],
                "std": [
                    2.377650737762451,
                    2.386378288269043,
                    2.124418020248413,
                    2.1748552322387695,
                    2.663944721221924,
                    2.371192216873169,
                    2.6217446327209473,
                    2.684523105621338
                ]
            },
            "sample_ssuv": false,
            "slat_sampler_args": {
                "name": "FlowEulerGuidanceIntervalSampler",
                "args": {
                    "sigma_min": 1e-5
                },
                "params": {
                    "steps": 25,
                    "cfg_strength": 3.0,
                    "cfg_interval": [0.5, 1.0],
                    "rescale_t": 3.0
                }
            },
            "ssuv_sampler_args": {
                "name": "FlowEulerGuidanceIntervalSampler",
                "args": {
                    "sigma_min": 1e-05
                },
                "params": {
                    "steps": 25,
                    "cfg_strength": 7.5,